kind,n,B,method,iters,fwd,bwd,peak_MB,status
smooth,64,4,provenance,20,0.018300399999134243,0.0007763999747112393,1.255859375,ok
smooth,64,4,provenance_eager,20,0.028025000006891787,0.0007374000269919634,1.3173828125,ok
smooth,64,4,unrolled,20,0.048583900032099336,0.14787579997209832,34.9072265625,ok
smooth,128,4,provenance,28,0.027597200009040534,0.0008662000182084739,5.009765625,ok
smooth,128,4,provenance_eager,28,0.025482900033239275,0.0006167999817989767,5.2587890625,ok
smooth,128,4,unrolled,28,0.06476489995839074,0.1879841000190936,172.8916015625,ok
smooth,256,4,provenance,30,0.028985099983401597,0.0012852000072598457,21.017578125,ok
smooth,256,4,provenance_eager,30,0.025149199995212257,0.000723700039088726,22.0166015625,ok
smooth,256,4,unrolled,30,0.056085499993059784,0.17951729998458177,703.61083984375,ok
smooth,512,4,provenance,37,0.07825340004637837,0.0011903999838978052,80.9853515625,ok
smooth,512,4,provenance_eager,37,0.06775260000722483,0.0008143000304698944,84.984375,ok
smooth,512,4,unrolled,37,0.05687570001464337,0.24269049998838454,3298.5947265625,ok
smooth,1024,4,provenance,59,0.5902019999921322,0.0013190999743528664,320.064453125,ok
smooth,1024,4,provenance_eager,59,0.5685935999499634,0.00148460001219064,336.0634765625,ok
smooth,1024,4,unrolled,59,4.484128600044642,26.206639099982567,19717.6416015625,ok
smooth,2048,4,provenance,48,1.9247167999856174,0.004186900041531771,1280.126953125,ok
smooth,2048,4,provenance_eager,48,1.8603054999839514,0.004209600039757788,1344.1259765625,ok
smooth,2048,4,unrolled,48,,,,OOM
serpentine,32,4,provenance,246,0.04921940003987402,0.0009147999808192253,0.31640625,ok
serpentine,32,4,provenance_eager,246,0.1594704000162892,0.000763599993661046,0.3310546875,ok
serpentine,32,4,unrolled,246,0.34545190003700554,1.1414690000237897,70.1181640625,ok
serpentine,64,4,provenance,997,0.05334929999662563,0.0005956999957561493,1.255859375,ok
serpentine,64,4,provenance_eager,997,0.42959050001809373,0.0006331999902613461,1.3173828125,ok
serpentine,64,4,unrolled,997,1.419782800017856,5.125657600001432,1085.2509765625,ok
serpentine,128,4,provenance,4038,0.22376329998951405,0.0007880999473854899,5.009765625,ok
serpentine,128,4,provenance_eager,4038,2.4055994999944232,0.0009972000261768699,5.2587890625,ok
serpentine,128,4,unrolled,4038,6.812148299999535,35.825029900006484,17308.6572265625,ok
serpentine,256,4,provenance,16261,1.9915922000072896,0.000889600021764636,21.017578125,ok
serpentine,256,4,provenance_eager,16261,9.812679500028025,0.000705899961758405,22.0166015625,ok
serpentine,256,4,unrolled,16261,,,,OOM
serpentine,512,4,provenance,65284,64.42454719997477,0.0008886000141501427,80.9853515625,ok
serpentine,512,4,provenance_eager,65284,67.996971900051,0.0008721000049263239,84.984375,ok
serpentine,512,4,unrolled,65284,,,,OOM
