img,h,K,n_iter_conv,rel_err,cos
0,0.05,1,67,3.056161642074585,0.14427465200424194
0,0.05,2,67,2.8320789337158203,0.1648670732975006
0,0.05,5,67,2.464263916015625,0.25611814856529236
0,0.05,10,67,1.9015705585479736,0.35110870003700256
0,0.05,20,67,1.144205927848816,0.5855112671852112
0,0.05,50,67,0.10632574558258057,0.9943670034408569
0,0.05,100,67,0.0006069556693546474,0.9999997019767761
0,0.05,200,67,0.0006069557857699692,0.9999998211860657
0,0.05,400,67,0.0006069568335078657,0.9999998807907104
0,0.2,1,71,2.5033676624298096,0.2058604508638382
0,0.2,2,71,2.479865312576294,0.21356460452079773
0,0.2,5,71,2.223444938659668,0.29131895303726196
0,0.2,10,71,1.7414038181304932,0.4132903218269348
0,0.2,20,71,1.0577747821807861,0.6276357173919678
0,0.2,50,71,0.08434634655714035,0.9964497089385986
0,0.2,100,71,0.00046767370076850057,0.9999998807907104
0,0.2,200,71,0.0004676737589761615,0.9999998807907104
0,0.2,400,71,0.0004676746029872447,0.9999999403953552
1,0.05,1,60,3.540166139602661,0.16125363111495972
1,0.05,2,60,3.276698589324951,0.18203535676002502
1,0.05,5,60,2.8625686168670654,0.23253032565116882
1,0.05,10,60,2.232642650604248,0.30883148312568665
1,0.05,20,60,1.3834925889968872,0.5186819434165955
1,0.05,50,60,0.12417377531528473,0.992375373840332
1,0.05,100,60,1.7400095941866311e-07,1.0000001192092896
1,0.05,200,60,3.561455059752916e-07,1.0000001192092896
1,0.05,400,60,8.194193696908769e-07,1.0
1,0.2,1,62,2.705447196960449,0.19569697976112366
1,0.2,2,62,2.634229898452759,0.2054709792137146
1,0.2,5,62,2.289606809616089,0.2736060619354248
1,0.2,10,62,1.8099862337112427,0.3892945945262909
1,0.2,20,62,1.1372747421264648,0.6162792444229126
1,0.2,50,62,0.08350002020597458,0.9965319633483887
1,0.2,100,62,2.85955394474513e-07,1.0
1,0.2,200,62,3.7193396451584704e-07,1.0
1,0.2,400,62,6.12964981883124e-07,0.9999998807907104
2,0.05,1,87,3.3901546001434326,0.1659293919801712
2,0.05,2,87,3.096600294113159,0.21223843097686768
2,0.05,5,87,2.6630735397338867,0.26336053013801575
2,0.05,10,87,2.0833656787872314,0.33884838223457336
2,0.05,20,87,1.1644243001937866,0.6100402474403381
2,0.05,50,87,0.30388879776000977,0.9557780027389526
2,0.05,100,87,1.5531266228663299e-07,0.9999999403953552
2,0.05,200,87,2.1110272996338608e-07,1.0
2,0.05,400,87,3.9037124111018784e-07,0.9999999403953552
2,0.2,1,89,2.6429693698883057,0.24209460616111755
2,0.2,2,89,2.6060187816619873,0.2531066834926605
2,0.2,5,89,2.255417823791504,0.3059453070163727
2,0.2,10,89,1.7715697288513184,0.4242668151855469
2,0.2,20,89,1.0331177711486816,0.6701488494873047
2,0.2,50,89,0.2588100731372833,0.9673242568969727
2,0.2,100,89,2.157725589313486e-07,1.0
2,0.2,200,89,2.444626545639039e-07,1.0
2,0.2,400,89,3.930487366687885e-07,1.0
3,0.05,1,44,3.435872793197632,0.14534226059913635
3,0.05,2,44,3.1876566410064697,0.15195243060588837
3,0.05,5,44,2.703453302383423,0.2174433320760727
3,0.05,10,44,2.0453684329986572,0.33553844690322876
3,0.05,20,44,0.8858646154403687,0.7238142490386963
3,0.05,50,44,3.376049164671713e-07,1.0
3,0.05,100,44,3.563833956832241e-07,1.0
3,0.05,200,44,4.951795062879683e-07,1.0
3,0.05,400,44,8.93900335086073e-07,1.0
3,0.2,1,47,2.502183437347412,0.22251617908477783
3,0.2,2,47,2.4788222312927246,0.22952447831630707
3,0.2,5,47,2.1695432662963867,0.27051231265068054
3,0.2,10,47,1.7448440790176392,0.3541967272758484
3,0.2,20,47,0.898399293422699,0.6806010603904724
3,0.2,50,47,1.967499088095792e-07,1.0
3,0.2,100,47,2.3603757881573983e-07,1.0
3,0.2,200,47,2.902675362292939e-07,0.9999999403953552
3,0.2,400,47,5.583422648669512e-07,1.0
4,0.05,1,105,2.446364641189575,0.19711080193519592
4,0.05,2,105,2.3765180110931396,0.21028289198875427
4,0.05,5,105,2.2034146785736084,0.24801523983478546
4,0.05,10,105,1.9734846353530884,0.2964150905609131
4,0.05,20,105,1.4950103759765625,0.4225401282310486
4,0.05,50,105,0.5240605473518372,0.8739465475082397
4,0.05,100,105,0.05505579337477684,0.9984883069992065
4,0.05,200,105,2.722833585266926e-07,1.0
4,0.05,400,105,4.591177855672868e-07,1.0
4,0.2,1,108,2.3185861110687256,0.228081613779068
4,0.2,2,108,2.292090892791748,0.2380099892616272
4,0.2,5,108,2.125702381134033,0.2769187092781067
4,0.2,10,108,1.9113198518753052,0.31765449047088623
4,0.2,20,108,1.4390417337417603,0.455059289932251
4,0.2,50,108,0.5322006344795227,0.8696369528770447
4,0.2,100,108,0.06506574898958206,0.9978858232498169
4,0.2,200,108,2.3980251739885716e-07,1.0
4,0.2,400,108,4.2775360498126247e-07,1.0
5,0.05,1,213,2.013838052749634,0.2566293478012085
5,0.05,2,213,1.9864635467529297,0.2655097544193268
5,0.05,5,213,1.9564988613128662,0.27021241188049316
5,0.05,10,213,1.834221363067627,0.2930774688720703
5,0.05,20,213,1.5898877382278442,0.34812891483306885
5,0.05,50,213,1.2326380014419556,0.5044379830360413
5,0.05,100,213,0.7071307897567749,0.7905460596084595
5,0.05,200,213,0.036102294921875,0.9993481636047363
5,0.05,400,213,5.87596730383666e-07,1.0
5,0.2,1,225,2.008295774459839,0.2586129307746887
5,0.2,2,225,1.9883614778518677,0.26668256521224976
5,0.2,5,225,1.9472352266311646,0.2779691815376282
5,0.2,10,225,1.8211265802383423,0.3054758310317993
5,0.2,20,225,1.5823276042938232,0.3587457239627838
5,0.2,50,225,1.2415577173233032,0.5077340006828308
5,0.2,100,225,0.7114089131355286,0.7728433609008789
5,0.2,200,225,0.04777214676141739,0.9988583326339722
5,0.2,400,225,6.086025905460701e-07,1.0
6,0.05,1,73,3.1946864128112793,0.16858217120170593
6,0.05,2,73,2.9421441555023193,0.18243864178657532
6,0.05,5,73,2.530054807662964,0.2350459098815918
6,0.05,10,73,1.973369836807251,0.32895731925964355
6,0.05,20,73,1.094570517539978,0.6303434371948242
6,0.05,50,73,0.16068017482757568,0.987189531326294
6,0.05,100,73,2.064072504026626e-07,0.9999999403953552
6,0.05,200,73,3.221296651645389e-07,1.0
6,0.05,400,73,5.757919439020043e-07,1.0
6,0.2,1,75,2.398587465286255,0.21124738454818726
6,0.2,2,75,2.3330190181732178,0.2172291874885559
6,0.2,5,75,1.99522066116333,0.29313725233078003
6,0.2,10,75,1.5755959749221802,0.4093274772167206
6,0.2,20,75,0.8919241428375244,0.7185301780700684
6,0.2,50,75,0.1402297168970108,0.9902888536453247
6,0.2,100,75,2.5588687435629254e-07,1.0
6,0.2,200,75,2.6315964873901976e-07,1.0
6,0.2,400,75,3.821832876838016e-07,1.0
7,0.05,1,47,3.791154146194458,0.15064480900764465
7,0.05,2,47,3.4588444232940674,0.17141959071159363
7,0.05,5,47,2.9356529712677,0.23767900466918945
7,0.05,10,47,2.232410430908203,0.32252320647239685
7,0.05,20,47,1.0259419679641724,0.6381678581237793
7,0.05,50,47,1.295342286766754e-07,1.0000001192092896
7,0.05,100,47,1.8415991576148372e-07,1.0
7,0.05,200,47,4.5834806883249257e-07,1.0000001192092896
7,0.05,400,47,1.6212632090173429e-06,1.0
7,0.2,1,49,2.65887451171875,0.21513783931732178
7,0.2,2,49,2.6002602577209473,0.22297969460487366
7,0.2,5,49,2.2275121212005615,0.29309529066085815
7,0.2,10,49,1.7246441841125488,0.4072870910167694
7,0.2,20,49,0.876797080039978,0.7201092839241028
7,0.2,50,49,1.9294006392556184e-07,0.9999998807907104
7,0.2,100,49,1.9495244885092688e-07,0.9999998807907104
7,0.2,200,49,3.493193787562632e-07,1.0
7,0.2,400,49,9.991276783694047e-07,0.9999999403953552
8,0.05,1,61,3.12959361076355,0.15144601464271545
8,0.05,2,61,2.8292508125305176,0.18449251353740692
8,0.05,5,61,2.3300769329071045,0.22980386018753052
8,0.05,10,61,1.653799057006836,0.35547757148742676
8,0.05,20,61,0.8278017044067383,0.6905360221862793
8,0.05,50,61,0.26804229617118835,0.9635186195373535
8,0.05,100,61,1.9770621406678401e-07,1.0
8,0.05,200,61,3.065300688831485e-07,1.0
8,0.05,400,61,4.531850947842031e-07,1.0
8,0.2,1,64,2.1349940299987793,0.1892847716808319
8,0.2,2,64,2.0847747325897217,0.21043208241462708
8,0.2,5,64,1.748774528503418,0.3041866719722748
8,0.2,10,64,1.2952497005462646,0.4887372851371765
8,0.2,20,64,0.6081046462059021,0.8272091150283813
8,0.2,50,64,0.17477035522460938,0.9846563339233398
8,0.2,100,64,1.5519262319685367e-07,1.0
8,0.2,200,64,2.3293385709166614e-07,1.0
8,0.2,400,64,3.488139554974623e-07,1.0
9,0.05,1,59,3.5253219604492188,0.1532994508743286
9,0.05,2,59,3.2055745124816895,0.17944195866584778
9,0.05,5,59,2.673434019088745,0.24946613609790802
9,0.05,10,59,1.9040035009384155,0.3851931393146515
9,0.05,20,59,1.0167889595031738,0.663796603679657
9,0.05,50,59,0.1442859023809433,0.9895408749580383
9,0.05,100,59,1.425712383706923e-07,1.0
9,0.05,200,59,2.044795763822549e-07,1.0
9,0.05,400,59,4.344682338341954e-07,1.0
9,0.2,1,62,2.4423916339874268,0.22979271411895752
9,0.2,2,62,2.405128002166748,0.23778319358825684
9,0.2,5,62,2.116039514541626,0.27999794483184814
9,0.2,10,62,1.5972766876220703,0.40613871812820435
9,0.2,20,62,0.915008008480072,0.6902346611022949
9,0.2,50,62,0.17047259211540222,0.9854137897491455
9,0.2,100,62,3.483096406853292e-07,0.9999999403953552
9,0.2,200,62,3.255618992170639e-07,1.0
9,0.2,400,62,3.4214747302030446e-07,0.9999999403953552
10,0.05,1,281,1.6157840490341187,0.2796596884727478
10,0.05,2,281,1.6170203685760498,0.27683573961257935
10,0.05,5,281,1.611100673675537,0.2827233076095581
10,0.05,10,281,1.5636228322982788,0.294021338224411
10,0.05,20,281,1.5767314434051514,0.29627126455307007
10,0.05,50,281,1.6411232948303223,0.29590272903442383
10,0.05,100,281,1.0752687454223633,0.48694705963134766
10,0.05,200,281,0.43329039216041565,0.9082661271095276
10,0.05,400,281,3.5028816114390793e-07,1.0
10,0.2,1,284,1.612679123878479,0.2793115973472595
10,0.2,2,284,1.617587685585022,0.276167094707489
10,0.2,5,284,1.607137680053711,0.28564757108688354
10,0.2,10,284,1.5609081983566284,0.2985936999320984
10,0.2,20,284,1.5775225162506104,0.2997998297214508
10,0.2,50,284,1.6402170658111572,0.29794102907180786
10,0.2,100,284,1.0792666673660278,0.4869254231452942
10,0.2,200,284,0.4854215085506439,0.8877716660499573
10,0.2,400,284,3.6351835319692327e-07,0.9999999403953552
11,0.05,1,46,3.537285327911377,0.14829739928245544
11,0.05,2,46,3.162755250930786,0.17693403363227844
11,0.05,5,46,2.4873790740966797,0.2754170596599579
11,0.05,10,46,1.6703300476074219,0.4205766022205353
11,0.05,20,46,0.6668147444725037,0.8215631246566772
11,0.05,50,46,1.1402492106071804e-07,1.0
11,0.05,100,46,1.1791448883968769e-07,1.0
11,0.05,200,46,1.5247260876094515e-07,1.0
11,0.05,400,46,2.4909434159781085e-07,1.0
11,0.2,1,49,2.282972574234009,0.20598925650119781
11,0.2,2,49,2.221390962600708,0.2212298959493637
11,0.2,5,49,1.815403699874878,0.3426080346107483
11,0.2,10,49,1.2758632898330688,0.5250310897827148
11,0.2,20,49,0.5091372728347778,0.8851237297058105
11,0.2,50,49,2.470014521804842e-07,1.0
11,0.2,100,49,3.158185677420988e-07,1.0
11,0.2,200,49,2.8844740995737084e-07,1.0
11,0.2,400,49,4.398594057875016e-07,1.0
12,0.05,1,43,2.772844076156616,0.14266377687454224
12,0.05,2,43,2.4758989810943604,0.17962190508842468
12,0.05,5,43,2.0083107948303223,0.26965683698654175
12,0.05,10,43,1.4015144109725952,0.45823240280151367
12,0.05,20,43,0.6610678434371948,0.8004918694496155
12,0.05,50,43,1.7562156529038475e-07,0.9999998807907104
12,0.05,100,43,1.9297661424388934e-07,0.9999999403953552
12,0.05,200,43,4.2110087861146894e-07,1.0
12,0.05,400,43,1.0910882792813936e-06,1.0
12,0.2,1,50,2.1611549854278564,0.20363536477088928
12,0.2,2,50,2.1265902519226074,0.21367287635803223
12,0.2,5,50,1.8028185367584229,0.2999800145626068
12,0.2,10,50,1.3724462985992432,0.4474245607852936
12,0.2,20,50,0.7334980368614197,0.7643391489982605
12,0.2,50,50,2.723315617458866e-07,1.0000001192092896
12,0.2,100,50,2.5854592422547285e-07,1.0
12,0.2,200,50,3.5233782114119094e-07,1.0
12,0.2,400,50,8.118843766169448e-07,1.0
13,0.05,1,64,3.473705768585205,0.15765473246574402
13,0.05,2,64,3.1428043842315674,0.1807413101196289
13,0.05,5,64,2.625067949295044,0.28263795375823975
13,0.05,10,64,1.9724310636520386,0.3972693681716919
13,0.05,20,64,1.1254827976226807,0.6251662969589233
13,0.05,50,64,0.09962824732065201,0.9950687885284424
13,0.05,100,64,2.409305750461499e-07,1.0
13,0.05,200,64,4.5180891561358294e-07,0.9999999403953552
13,0.05,400,64,1.0074111287394771e-06,1.0
13,0.2,1,68,2.534506320953369,0.2345820665359497
13,0.2,2,68,2.4984097480773926,0.25069868564605713
13,0.2,5,68,2.1232337951660156,0.3382817506790161
13,0.2,10,68,1.6104449033737183,0.47940438985824585
13,0.2,20,68,0.9303891062736511,0.7145494222640991
13,0.2,50,68,0.08084185421466827,0.9967473745346069
13,0.2,100,68,2.681284456684807e-07,1.0
13,0.2,200,68,3.488846402888157e-07,1.0
13,0.2,400,68,6.960714813430968e-07,0.9999999403953552
14,0.05,1,56,2.519615411758423,0.2274157702922821
14,0.05,2,56,2.4916579723358154,0.22957071661949158
14,0.05,5,56,2.11664080619812,0.29966115951538086
14,0.05,10,56,1.619092583656311,0.4453350305557251
14,0.05,20,56,0.974754810333252,0.6822668313980103
14,0.05,50,56,0.10479439049959183,0.9945459365844727
14,0.05,100,56,3.0010690466042433e-07,0.9999999403953552
14,0.05,200,56,3.938915824619471e-07,0.9999999403953552
14,0.05,400,56,7.81472124344873e-07,0.9999999403953552
14,0.2,1,315,1.2355865240097046,0.40833452343940735
14,0.2,2,315,1.2265249490737915,0.4137764275074005
14,0.2,5,315,1.2259334325790405,0.41450589895248413
14,0.2,10,315,1.229218602180481,0.42156997323036194
14,0.2,20,315,1.2455536127090454,0.42310309410095215
14,0.2,50,315,1.1792962551116943,0.4537673890590668
14,0.2,100,315,1.1295876502990723,0.5006228685379028
14,0.2,200,315,0.816265881061554,0.7288411855697632
14,0.2,400,315,0.0005119566339999437,0.9999998807907104
15,0.05,1,45,3.2593491077423096,0.15760773420333862
15,0.05,2,45,2.9310286045074463,0.18913544714450836
15,0.05,5,45,2.406877279281616,0.2794862687587738
15,0.05,10,45,1.670553207397461,0.4354722797870636
15,0.05,20,45,0.7958342432975769,0.7512906789779663
15,0.05,50,45,1.3144685340193973e-07,1.0
15,0.05,100,45,2.105746830238786e-07,1.0
15,0.05,200,45,3.4325452702432813e-07,1.0
15,0.05,400,45,5.739621542488749e-07,1.0
15,0.2,1,48,2.3364784717559814,0.22008690237998962
15,0.2,2,48,2.276179552078247,0.23289085924625397
15,0.2,5,48,1.924026608467102,0.3270493745803833
15,0.2,10,48,1.430821418762207,0.5028972029685974
15,0.2,20,48,0.6632744073867798,0.8131318092346191
15,0.2,50,48,2.55003556048905e-07,0.9999999403953552
15,0.2,100,48,2.67838174750068e-07,0.9999998807907104
15,0.2,200,48,3.5346613458386855e-07,0.9999999403953552
15,0.2,400,48,4.635072627934278e-07,0.9999998807907104
16,0.05,1,38,3.385676860809326,0.14526674151420593
16,0.05,2,38,3.0392720699310303,0.17354178428649902
16,0.05,5,38,2.4399142265319824,0.2590070366859436
16,0.05,10,38,1.6106634140014648,0.42768168449401855
16,0.05,20,38,0.5949777960777283,0.8429505825042725
16,0.05,50,38,0.018756017088890076,0.9998241066932678
16,0.05,100,38,0.018863271921873093,0.9998221397399902
16,0.05,200,38,0.019082391634583473,0.999817967414856
16,0.05,400,38,0.01951546221971512,0.9998096227645874
16,0.2,1,44,2.4228780269622803,0.23018518090248108
16,0.2,2,44,2.3939788341522217,0.238348588347435
16,0.2,5,44,2.0554323196411133,0.2926125228404999
16,0.2,10,44,1.4762710332870483,0.4642958641052246
16,0.2,20,44,0.6175020933151245,0.8334435224533081
16,0.2,50,44,0.012312691658735275,0.9999241232872009
16,0.2,100,44,0.012378317303955555,0.9999232888221741
16,0.2,200,44,0.012522188015282154,0.9999215602874756
16,0.2,400,44,0.01280654314905405,0.9999179840087891
17,0.05,1,174,2.032597780227661,0.2495211362838745
17,0.05,2,174,2.007978916168213,0.25477176904678345
17,0.05,5,174,1.9357401132583618,0.26827213168144226
17,0.05,10,174,1.9621596336364746,0.263464093208313
17,0.05,20,174,1.7495286464691162,0.30421385169029236
17,0.05,50,174,1.388670802116394,0.4366956055164337
17,0.05,100,174,0.8235146403312683,0.71052485704422
17,0.05,200,174,4.810382279174519e-07,1.0
17,0.05,400,174,1.3260400919534732e-06,0.9999999403953552
17,0.2,1,178,2.0347065925598145,0.2544317841529846
17,0.2,2,178,2.0246949195861816,0.25818824768066406
17,0.2,5,178,1.9397282600402832,0.27314943075180054
17,0.2,10,178,1.9547603130340576,0.27208659052848816
17,0.2,20,178,1.752048373222351,0.31030434370040894
17,0.2,50,178,1.3956018686294556,0.4349580407142639
17,0.2,100,178,0.8705469965934753,0.6849867701530457
17,0.2,200,178,4.593247808770684e-07,1.0
17,0.2,400,178,1.2680684449151158e-06,1.0
18,0.05,1,65,2.9738714694976807,0.16803233325481415
18,0.05,2,65,2.7967324256896973,0.17599588632583618
18,0.05,5,65,2.501793622970581,0.2127307951450348
18,0.05,10,65,2.1381232738494873,0.2637682259082794
18,0.05,20,65,1.3728090524673462,0.4575871229171753
18,0.05,50,65,0.24462375044822693,0.9701495170593262
18,0.05,100,65,0.009749717079102993,0.9999525547027588
18,0.05,200,65,0.009749717079102993,0.9999525547027588
18,0.05,400,65,0.009749717079102993,0.9999525547027588
18,0.2,1,69,2.2537150382995605,0.2050592601299286
18,0.2,2,69,2.2423086166381836,0.2033993899822235
18,0.2,5,69,2.028963804244995,0.26327961683273315
18,0.2,10,69,1.7154537439346313,0.3750488758087158
18,0.2,20,69,1.1216118335723877,0.6056878566741943
18,0.2,50,69,0.17656563222408295,0.9844397306442261
18,0.2,100,69,2.2618627326664864e-07,1.0
18,0.2,200,69,3.0981126997176034e-07,1.0
18,0.2,400,69,5.145274144524592e-07,0.9999999403953552
19,0.05,1,48,3.296121597290039,0.17269881069660187
19,0.05,2,48,3.0180752277374268,0.19916769862174988
19,0.05,5,48,2.5040335655212402,0.282452791929245
19,0.05,10,48,1.7948116064071655,0.4150643050670624
19,0.05,20,48,0.9341728091239929,0.6957210302352905
19,0.05,50,48,1.6095422950002103e-07,1.0
19,0.05,100,48,1.99771093889467e-07,1.0
19,0.05,200,48,2.8102800797569216e-07,1.0
19,0.05,400,48,5.592240768237389e-07,1.0
19,0.2,1,80,2.4792799949645996,0.2235742062330246
19,0.2,2,80,2.4387760162353516,0.23086100816726685
19,0.2,5,80,2.053105115890503,0.3315328359603882
19,0.2,10,80,1.5637046098709106,0.4821586608886719
19,0.2,20,80,0.9458203911781311,0.6938145756721497
19,0.2,50,80,0.18012389540672302,0.9837490320205688
19,0.2,100,80,2.2563999380054156e-07,0.9999998807907104
19,0.2,200,80,4.791474452758848e-07,0.9999999403953552
19,0.2,400,80,1.1140566584799672e-06,0.9999999403953552
